{"cameraMode":{"drawMode":0,"name":"Shaded","section":"Shading Mode"},"sceneLighting":false,"audioPlay":false,"sceneViewState":{"m_AlwaysRefresh":false,"showFog":true,"showSkybox":false,"showFlares":true,"showImageEffects":true,"showParticleSystems":true,"showVisualEffectGraphs":true,"m_FxEnabled":true},"in2DMode":false,"pivot":{"x":416.69976806640627,"y":-7.297452449798584,"z":40.926666259765628},"rotation":{"x":-0.11116254329681397,"y":-0.8574153184890747,"z":0.20846033096313477,"w":-0.45721226930618288},"size":3.8617987632751467,"orthographic":false}