{"cameraMode":{"drawMode":0,"name":"Shaded","section":"Shading Mode"},"sceneLighting":true,"audioPlay":false,"sceneViewState":{"m_AlwaysRefresh":false,"showFog":true,"showSkybox":true,"showFlares":true,"showImageEffects":true,"showParticleSystems":true,"showVisualEffectGraphs":true,"m_FxEnabled":true},"in2DMode":false,"pivot":{"x":371.09185791015627,"y":-4.791773796081543,"z":72.27207946777344},"rotation":{"x":0.06895381957292557,"y":-0.7711730003356934,"z":0.08478184044361115,"w":0.6271916627883911},"size":30.755184173583986,"orthographic":false}