{"cameraMode":{"drawMode":0,"name":"Shaded","section":"Shading Mode"},"sceneLighting":true,"audioPlay":false,"sceneViewState":{"m_AlwaysRefresh":false,"showFog":true,"showSkybox":true,"showFlares":true,"showImageEffects":true,"showParticleSystems":true,"showVisualEffectGraphs":true,"m_FxEnabled":true},"in2DMode":false,"pivot":{"x":497.5599365234375,"y":364.560791015625,"z":59.949951171875},"rotation":{"x":0.03209463134407997,"y":0.0041901906952261929,"z":0.00013199758541304618,"w":-0.9994882941246033},"size":427.6727600097656,"orthographic":false}