{"cameraMode":{"drawMode":0,"name":"Shaded","section":"Shading Mode"},"sceneLighting":true,"audioPlay":false,"sceneViewState":{"m_AlwaysRefresh":false,"showFog":true,"showSkybox":true,"showFlares":true,"showImageEffects":true,"showParticleSystems":true,"showVisualEffectGraphs":true,"m_FxEnabled":true},"in2DMode":false,"pivot":{"x":481.3458251953125,"y":267.5810546875,"z":10.80877685546875},"rotation":{"x":-0.0008997941040433943,"y":0.01769127883017063,"z":-0.000018308770449948497,"w":-0.9998571872711182},"size":407.1756591796875,"orthographic":false}