{"cameraMode":{"drawMode":0,"name":"Shaded","section":"Shading Mode"},"sceneLighting":true,"audioPlay":false,"sceneViewState":{"m_AlwaysRefresh":false,"showFog":true,"showSkybox":true,"showFlares":true,"showImageEffects":true,"showParticleSystems":true,"showVisualEffectGraphs":true,"m_FxEnabled":true},"in2DMode":false,"pivot":{"x":412.9933776855469,"y":-1.5016794204711915,"z":53.95243453979492},"rotation":{"x":-0.21442869305610658,"y":-0.30820176005363467,"z":0.07150041311979294,"w":-0.9241068959236145},"size":17.866397857666017,"orthographic":false}