{"cameraMode":{"drawMode":0,"name":"Shaded","section":"Shading Mode"},"sceneLighting":true,"audioPlay":false,"sceneViewState":{"m_AlwaysRefresh":false,"showFog":true,"showSkybox":true,"showFlares":true,"showImageEffects":true,"showParticleSystems":true,"showVisualEffectGraphs":true,"m_FxEnabled":true},"in2DMode":false,"pivot":{"x":442.2266540527344,"y":-5.679999828338623,"z":67.5021743774414},"rotation":{"x":-0.009899790398776532,"y":0.005691970232874155,"z":-0.00005916113514103927,"w":-0.9999470114707947},"size":18.385225296020509,"orthographic":false}