{"cameraMode":{"drawMode":0,"name":"Shaded","section":"Shading Mode"},"sceneLighting":true,"audioPlay":false,"sceneViewState":{"m_AlwaysRefresh":false,"showFog":true,"showSkybox":true,"showFlares":true,"showImageEffects":true,"showParticleSystems":true,"showVisualEffectGraphs":true,"m_FxEnabled":true},"in2DMode":false,"pivot":{"x":337.3309020996094,"y":199.53302001953126,"z":87.82831573486328},"rotation":{"x":-0.01349897775799036,"y":0.008089506067335606,"z":-0.00012519984738901258,"w":-0.9999050498008728},"size":197.8325958251953,"orthographic":false}