{"cameraMode":{"drawMode":0,"name":"Shaded","section":"Shading Mode"},"sceneLighting":true,"audioPlay":false,"sceneViewState":{"m_AlwaysRefresh":false,"showFog":true,"showSkybox":true,"showFlares":true,"showImageEffects":true,"showParticleSystems":true,"showVisualEffectGraphs":true,"m_FxEnabled":true},"in2DMode":false,"pivot":{"x":410.8699951171875,"y":-12.409587860107422,"z":68.37535858154297},"rotation":{"x":0.1709057241678238,"y":-0.09148755669593811,"z":0.015956837683916093,"w":0.9809236526489258},"size":31.57438850402832,"orthographic":false}