{"cameraMode":{"drawMode":0,"name":"Shaded","section":"Shading Mode"},"sceneLighting":true,"audioPlay":false,"sceneViewState":{"m_AlwaysRefresh":false,"showFog":true,"showSkybox":true,"showFlares":true,"showImageEffects":true,"showParticleSystems":true,"showVisualEffectGraphs":true,"m_FxEnabled":true},"in2DMode":false,"pivot":{"x":494.74432373046877,"y":286.1402893066406,"z":61.663330078125},"rotation":{"x":-0.009899790398776532,"y":0.005691970232874155,"z":-0.00005916113514103927,"w":-0.9999470114707947},"size":467.0293273925781,"orthographic":false}