{"cameraMode":{"drawMode":0,"name":"Shaded","section":"Shading Mode"},"sceneLighting":true,"audioPlay":false,"sceneViewState":{"m_AlwaysRefresh":false,"showFog":true,"showSkybox":true,"showFlares":true,"showImageEffects":true,"showParticleSystems":true,"showVisualEffectGraphs":true,"m_FxEnabled":true},"in2DMode":false,"pivot":{"x":461.6003723144531,"y":-27.591129302978517,"z":-167.23728942871095},"rotation":{"x":-0.006443706341087818,"y":-0.9897989630699158,"z":0.04754677787423134,"w":-0.13414180278778077},"size":123.39016723632813,"orthographic":false}