{"cameraMode":{"drawMode":0,"name":"Shaded","section":"Shading Mode"},"sceneLighting":true,"audioPlay":false,"sceneViewState":{"m_AlwaysRefresh":false,"showFog":true,"showSkybox":true,"showFlares":true,"showImageEffects":true,"showParticleSystems":true,"showVisualEffectGraphs":true,"m_FxEnabled":true},"in2DMode":false,"pivot":{"x":401.9528503417969,"y":-4.2593584060668949,"z":44.52703094482422},"rotation":{"x":-0.000007575138170068385,"y":0.9999799728393555,"z":-0.0063096401281654839,"w":-0.0011988377664238215},"size":13.220525741577149,"orthographic":false}